date	commits	lines	source_lines	test_lines	other_lines	python_lines
2025-10-31	12	8791	4453	0	4338	3815
2025-11-30	72	51829	26466	7854	17509	28061
2025-12-31	92	64202	33140	9995	21067	34464
2026-01-31	97	64597	33550	10000	21047	34681
2026-02-28	106	75420	38562	12230	24628	40229
2026-03-31	110	87313	45693	15660	25960	48060
2026-04-30	123	138728	75968	26663	36097	82364
2026-05-31	147	167158	91210	32515	43433	99554
2026-06-30	158	194469	98523	36383	59563	107359
2026-07-31	172	241928	118336	57164	66428	138485
2026-08-31	185	372735	161801	119847	91087	216108
2026-09-30	231	443992	186387	152623	104982	253895
